Frequency [Hz],Magnitude [dB],Phase [deg],Quality
25.0,-38.44938810465018,-88.59770348700526,2
